{"mean": 3.8505096435546875, "std": 4.319654941558838}