{"mean": 0.9626274108886719, "std": 1.0799137353897095}