{"mean": 1.9403905868530273, "std": 2.1573610305786133}