{"mean": 0.4922918677330017, "std": 0.7061557173728943}