{"mean": 0.4779033958911896, "std": 0.7496315836906433}