{"mean": 0.9701952934265137, "std": 1.0786805152893066}