{
    "metricas": [
        {
            "P001": {
                "MLP": {
                    "loss": [
                        1.107295036315918,
                        1.0251480340957642,
                        1.0030888319015503,
                        0.9947593808174133,
                        0.9897499084472656,
                        0.9851455092430115,
                        0.9825138449668884,
                        0.9768761396408081,
                        0.970231294631958,
                        0.9624780416488647,
                        0.9553537964820862,
                        0.9463070034980774,
                        0.9368582367897034,
                        0.9263007044792175,
                        0.9158768653869629,
                        0.9087833166122437,
                        0.8993774056434631,
                        0.8921668529510498,
                        0.8839561343193054,
                        0.87835294008255,
                        0.8712157607078552,
                        0.8645531535148621,
                        0.8589707612991333,
                        0.8536251187324524,
                        0.8493713140487671
                    ],
                    "val_loss": [
                        0.8691560626029968,
                        0.8500753045082092,
                        0.8450607061386108,
                        0.8427289128303528,
                        0.8411057591438293,
                        0.839294970035553,
                        0.8367713093757629,
                        0.8329598307609558,
                        0.8283349871635437,
                        0.8218390345573425,
                        0.81390780210495,
                        0.8054090738296509,
                        0.7967125773429871,
                        0.7886584997177124,
                        0.7817864418029785,
                        0.7757300734519958,
                        0.7696642279624939,
                        0.764153778553009,
                        0.7605952024459839,
                        0.7579694986343384,
                        0.7551681399345398,
                        0.7530597448348999,
                        0.7515026330947876,
                        0.7501069903373718,
                        0.7490752935409546
                    ]
                },
                "CNN1D": {
                    "loss": [
                        0.9990482330322266,
                        0.9961878657341003,
                        0.9959598183631897,
                        0.9959266781806946,
                        0.9958070516586304,
                        0.9956374168395996,
                        0.9955023527145386,
                        0.9952582716941833
                    ],
                    "val_loss": [
                        0.8436334133148193,
                        0.8435429930686951,
                        0.8435231447219849,
                        0.8435560464859009,
                        0.8436034917831421,
                        0.8438471555709839,
                        0.8438467383384705,
                        0.843866229057312
                    ]
                },
                "LSTM": {
                    "loss": [
                        0.9962168335914612,
                        0.9952672123908997,
                        0.994317889213562,
                        0.993602454662323,
                        0.9931098222732544,
                        0.9925678372383118
                    ],
                    "val_loss": [
                        0.8439186811447144,
                        0.8447592258453369,
                        0.8464959263801575,
                        0.8478126525878906,
                        0.8497300744056702,
                        0.8505484461784363
                    ]
                },
                "CNN_LSTM": {
                    "loss": [
                        0.9984934329986572,
                        0.9957512617111206,
                        0.9949458837509155,
                        0.9934486746788025,
                        0.9917623400688171,
                        0.989603579044342
                    ],
                    "val_loss": [
                        0.8435074090957642,
                        0.8436805009841919,
                        0.8437955975532532,
                        0.8452524542808533,
                        0.8469310998916626,
                        0.8482460975646973
                    ]
                }
            }
        },
        {
            "P002": {
                "MLP": {
                    "loss": [
                        1.1403677463531494,
                        1.0377196073532104,
                        1.0110782384872437,
                        0.9978674054145813,
                        0.9935286641120911,
                        0.9900813698768616,
                        0.9859762191772461,
                        0.9822216629981995,
                        0.9768632650375366,
                        0.9715662598609924,
                        0.965189516544342,
                        0.9569399356842041,
                        0.9479650259017944,
                        0.9364285469055176,
                        0.9267443418502808,
                        0.9167225360870361,
                        0.9093133807182312,
                        0.9006485939025879,
                        0.8930137753486633,
                        0.8887947797775269,
                        0.8813861608505249,
                        0.8746236562728882,
                        0.8703446388244629,
                        0.8626599311828613,
                        0.8596047759056091
                    ],
                    "val_loss": [
                        0.8794431686401367,
                        0.8566123843193054,
                        0.848325252532959,
                        0.845282256603241,
                        0.8434146642684937,
                        0.8417402505874634,
                        0.8401995301246643,
                        0.8379843831062317,
                        0.834688663482666,
                        0.8305321335792542,
                        0.825014591217041,
                        0.8181917667388916,
                        0.8105465173721313,
                        0.8017508387565613,
                        0.7929068803787231,
                        0.7857744097709656,
                        0.7796425819396973,
                        0.7740119695663452,
                        0.7692999839782715,
                        0.7655676007270813,
                        0.7632566690444946,
                        0.7606002688407898,
                        0.7577141523361206,
                        0.7551841139793396,
                        0.753549337387085
                    ]
                },
                "CNN1D": {
                    "loss": [
                        0.9988009333610535,
                        0.9961758255958557,
                        0.9959590435028076,
                        0.9958481192588806,
                        0.9957687258720398,
                        0.9955176711082458,
                        0.9954764246940613,
                        0.9952350854873657
                    ],
                    "val_loss": [
                        0.8439064621925354,
                        0.8435126543045044,
                        0.843432605266571,
                        0.8436225056648254,
                        0.8437210917472839,
                        0.843869686126709,
                        0.8439401984214783,
                        0.8440012335777283
                    ]
                },